name,url
Dengue-20220113.pdf,http://apps.who.int//iris/bitstream/handle/10665/352792/Dengue-20220113.pdf?sequence=1&isAllowed=y
Dengue-20220127.pdf,http://apps.who.int//iris/bitstream/handle/10665/352792/Dengue-20220127.pdf?sequence=2&isAllowed=y
Dengue-20220210.pdf,http://apps.who.int//iris/bitstream/handle/10665/352792/Dengue-20220210.pdf?sequence=3&isAllowed=y
Dengue-20220224.pdf,http://apps.who.int//iris/bitstream/handle/10665/352792/Dengue-20220224.pdf?sequence=4&isAllowed=y
Dengue-20220310.pdf,http://apps.who.int//iris/bitstream/handle/10665/352792/Dengue-20220310.pdf?sequence=5&isAllowed=y
Dengue-20220324.pdf,http://apps.who.int//iris/bitstream/handle/10665/352792/Dengue-20220324.pdf?sequence=6&isAllowed=y
Dengue-20220113.pdf,http://apps.who.int//iris/bitstream/handle/10665/352792/Dengue-20220113.pdf?sequence=1&isAllowed=y
Dengue-20220127.pdf,http://apps.who.int//iris/bitstream/handle/10665/352792/Dengue-20220127.pdf?sequence=2&isAllowed=y
Dengue-20220210.pdf,http://apps.who.int//iris/bitstream/handle/10665/352792/Dengue-20220210.pdf?sequence=3&isAllowed=y
Dengue-20220224.pdf,http://apps.who.int//iris/bitstream/handle/10665/352792/Dengue-20220224.pdf?sequence=4&isAllowed=y
Dengue-20220310.pdf,http://apps.who.int//iris/bitstream/handle/10665/352792/Dengue-20220310.pdf?sequence=5&isAllowed=y
Dengue-20220324.pdf,http://apps.who.int//iris/bitstream/handle/10665/352792/Dengue-20220324.pdf?sequence=6&isAllowed=y
Dengue-20151229.pdf,http://apps.who.int//iris/bitstream/handle/10665/274097/Dengue-20151229.pdf?sequence=1&isAllowed=y
Dengue-20151215.pdf,http://apps.who.int//iris/bitstream/handle/10665/274097/Dengue-20151215.pdf?sequence=2&isAllowed=y
Dengue-20151201.pdf,http://apps.who.int//iris/bitstream/handle/10665/274097/Dengue-20151201.pdf?sequence=3&isAllowed=y
Dengue-20151117.pdf,http://apps.who.int//iris/bitstream/handle/10665/274097/Dengue-20151117.pdf?sequence=4&isAllowed=y
Dengue-20151103.pdf,http://apps.who.int//iris/bitstream/handle/10665/274097/Dengue-20151103.pdf?sequence=5&isAllowed=y
Dengue-20151020.pdf,http://apps.who.int//iris/bitstream/handle/10665/274097/Dengue-20151020.pdf?sequence=6&isAllowed=y
Dengue-20151006.pdf,http://apps.who.int//iris/bitstream/handle/10665/274097/Dengue-20151006.pdf?sequence=7&isAllowed=y
Dengue-20150922.pdf,http://apps.who.int//iris/bitstream/handle/10665/274097/Dengue-20150922.pdf?sequence=8&isAllowed=y
Dengue-20150908.pdf,http://apps.who.int//iris/bitstream/handle/10665/274097/Dengue-20150908.pdf?sequence=9&isAllowed=y
Dengue-20150825.pdf,http://apps.who.int//iris/bitstream/handle/10665/274097/Dengue-20150825.pdf?sequence=10&isAllowed=y
Dengue-20150811.pdf,http://apps.who.int//iris/bitstream/handle/10665/274097/Dengue-20150811.pdf?sequence=11&isAllowed=y
Dengue-20150729.pdf,http://apps.who.int//iris/bitstream/handle/10665/274097/Dengue-20150729.pdf?sequence=12&isAllowed=y
Dengue-20150715.pdf,http://apps.who.int//iris/bitstream/handle/10665/274097/Dengue-20150715.pdf?sequence=13&isAllowed=y
Dengue-20150701.pdf,http://apps.who.int//iris/bitstream/handle/10665/274097/Dengue-20150701.pdf?sequence=14&isAllowed=y
Dengue-20150617.pdf,http://apps.who.int//iris/bitstream/handle/10665/274097/Dengue-20150617.pdf?sequence=15&isAllowed=y
Dengue-20150602.pdf,http://apps.who.int//iris/bitstream/handle/10665/274097/Dengue-20150602.pdf?sequence=16&isAllowed=y
Dengue-20150519.pdf,http://apps.who.int//iris/bitstream/handle/10665/274097/Dengue-20150519.pdf?sequence=17&isAllowed=y
Dengue-20150504.pdf,http://apps.who.int//iris/bitstream/handle/10665/274097/Dengue-20150504.pdf?sequence=18&isAllowed=y
Dengue-20150422.pdf,http://apps.who.int//iris/bitstream/handle/10665/274097/Dengue-20150422.pdf?sequence=19&isAllowed=y
Dengue-20150408.pdf,http://apps.who.int//iris/bitstream/handle/10665/274097/Dengue-20150408.pdf?sequence=20&isAllowed=y
Dengue-20150324.pdf,http://apps.who.int//iris/bitstream/handle/10665/274097/Dengue-20150324.pdf?sequence=21&isAllowed=y
Dengue-20150310.pdf,http://apps.who.int//iris/bitstream/handle/10665/274097/Dengue-20150310.pdf?sequence=22&isAllowed=y
Dengue-20150224.pdf,http://apps.who.int//iris/bitstream/handle/10665/274097/Dengue-20150224.pdf?sequence=23&isAllowed=y
Dengue-20150210.pdf,http://apps.who.int//iris/bitstream/handle/10665/274097/Dengue-20150210.pdf?sequence=24&isAllowed=y
Dengue-20150127.pdf,http://apps.who.int//iris/bitstream/handle/10665/274097/Dengue-20150127.pdf?sequence=25&isAllowed=y
Dengue-20150113.pdf,http://apps.who.int//iris/bitstream/handle/10665/274097/Dengue-20150113.pdf?sequence=26&isAllowed=y
Dengue-20161213.pdf,http://apps.who.int//iris/bitstream/handle/10665/274098/Dengue-20161213.pdf?sequence=1&isAllowed=y
Dengue-20161129.pdf,http://apps.who.int//iris/bitstream/handle/10665/274098/Dengue-20161129.pdf?sequence=2&isAllowed=y
Dengue-20161115.pdf,http://apps.who.int//iris/bitstream/handle/10665/274098/Dengue-20161115.pdf?sequence=3&isAllowed=y
Dengue-20161102.pdf,http://apps.who.int//iris/bitstream/handle/10665/274098/Dengue-20161102.pdf?sequence=4&isAllowed=y
Dengue-20161018.pdf,http://apps.who.int//iris/bitstream/handle/10665/274098/Dengue-20161018.pdf?sequence=5&isAllowed=y
Dengue-20161004.pdf,http://apps.who.int//iris/bitstream/handle/10665/274098/Dengue-20161004.pdf?sequence=6&isAllowed=y
Dengue-20160920.pdf,http://apps.who.int//iris/bitstream/handle/10665/274098/Dengue-20160920.pdf?sequence=7&isAllowed=y
Dengue-20160906.pdf,http://apps.who.int//iris/bitstream/handle/10665/274098/Dengue-20160906.pdf?sequence=8&isAllowed=y
Dengue-20160823.pdf,http://apps.who.int//iris/bitstream/handle/10665/274098/Dengue-20160823.pdf?sequence=9&isAllowed=y
Dengue-20160809.pdf,http://apps.who.int//iris/bitstream/handle/10665/274098/Dengue-20160809.pdf?sequence=10&isAllowed=y
Dengue-20160726.pdf,http://apps.who.int//iris/bitstream/handle/10665/274098/Dengue-20160726.pdf?sequence=11&isAllowed=y
Dengue-20160712.pdf,http://apps.who.int//iris/bitstream/handle/10665/274098/Dengue-20160712.pdf?sequence=12&isAllowed=y
Dengue-20160628.pdf,http://apps.who.int//iris/bitstream/handle/10665/274098/Dengue-20160628.pdf?sequence=13&isAllowed=y
Dengue-20160614.pdf,http://apps.who.int//iris/bitstream/handle/10665/274098/Dengue-20160614.pdf?sequence=14&isAllowed=y
Dengue-20160531.pdf,http://apps.who.int//iris/bitstream/handle/10665/274098/Dengue-20160531.pdf?sequence=15&isAllowed=y
Dengue-20160517.pdf,http://apps.who.int//iris/bitstream/handle/10665/274098/Dengue-20160517.pdf?sequence=16&isAllowed=y
Dengue-20160503.pdf,http://apps.who.int//iris/bitstream/handle/10665/274098/Dengue-20160503.pdf?sequence=17&isAllowed=y
Dengue-20160419.pdf,http://apps.who.int//iris/bitstream/handle/10665/274098/Dengue-20160419.pdf?sequence=18&isAllowed=y
Dengue-20160405.pdf,http://apps.who.int//iris/bitstream/handle/10665/274098/Dengue-20160405.pdf?sequence=19&isAllowed=y
Dengue-20160322.pdf,http://apps.who.int//iris/bitstream/handle/10665/274098/Dengue-20160322.pdf?sequence=20&isAllowed=y
Dengue-20160308.pdf,http://apps.who.int//iris/bitstream/handle/10665/274098/Dengue-20160308.pdf?sequence=21&isAllowed=y
Dengue-20160223.pdf,http://apps.who.int//iris/bitstream/handle/10665/274098/Dengue-20160223.pdf?sequence=22&isAllowed=y
Dengue-20160209.pdf,http://apps.who.int//iris/bitstream/handle/10665/274098/Dengue-20160209.pdf?sequence=23&isAllowed=y
Dengue-20160126.pdf,http://apps.who.int//iris/bitstream/handle/10665/274098/Dengue-20160126.pdf?sequence=24&isAllowed=y
Dengue-20160113.pdf,http://apps.who.int//iris/bitstream/handle/10665/274098/Dengue-20160113.pdf?sequence=25&isAllowed=y
Dengue-20171219.pdf,http://apps.who.int//iris/bitstream/handle/10665/274099/Dengue-20171219.pdf?sequence=1&isAllowed=y
Dengue-20171205.pdf,http://apps.who.int//iris/bitstream/handle/10665/274099/Dengue-20171205.pdf?sequence=2&isAllowed=y
Dengue-20171121.pdf,http://apps.who.int//iris/bitstream/handle/10665/274099/Dengue-20171121.pdf?sequence=3&isAllowed=y
Dengue-20171107.pdf,http://apps.who.int//iris/bitstream/handle/10665/274099/Dengue-20171107.pdf?sequence=4&isAllowed=y
Dengue-20171024.pdf,http://apps.who.int//iris/bitstream/handle/10665/274099/Dengue-20171024.pdf?sequence=5&isAllowed=y
Dengue-20171010.pdf,http://apps.who.int//iris/bitstream/handle/10665/274099/Dengue-20171010.pdf?sequence=6&isAllowed=y
Dengue-20170926.pdf,http://apps.who.int//iris/bitstream/handle/10665/274099/Dengue-20170926.pdf?sequence=7&isAllowed=y
Dengue-20170912.pdf,http://apps.who.int//iris/bitstream/handle/10665/274099/Dengue-20170912.pdf?sequence=8&isAllowed=y
Dengue-20170829.pdf,http://apps.who.int//iris/bitstream/handle/10665/274099/Dengue-20170829.pdf?sequence=9&isAllowed=y
Dengue-20170815.pdf,http://apps.who.int//iris/bitstream/handle/10665/274099/Dengue-20170815.pdf?sequence=10&isAllowed=y
Dengue-20170801.pdf,http://apps.who.int//iris/bitstream/handle/10665/274099/Dengue-20170801.pdf?sequence=11&isAllowed=y
Dengue-20170718.pdf,http://apps.who.int//iris/bitstream/handle/10665/274099/Dengue-20170718.pdf?sequence=12&isAllowed=y
Dengue-20170704.pdf,http://apps.who.int//iris/bitstream/handle/10665/274099/Dengue-20170704.pdf?sequence=13&isAllowed=y
Dengue-20170620.pdf,http://apps.who.int//iris/bitstream/handle/10665/274099/Dengue-20170620.pdf?sequence=14&isAllowed=y
Dengue-20170606.pdf,http://apps.who.int//iris/bitstream/handle/10665/274099/Dengue-20170606.pdf?sequence=15&isAllowed=y
Dengue-20170523.pdf,http://apps.who.int//iris/bitstream/handle/10665/274099/Dengue-20170523.pdf?sequence=16&isAllowed=y
Dengue-20170509.pdf,http://apps.who.int//iris/bitstream/handle/10665/274099/Dengue-20170509.pdf?sequence=17&isAllowed=y
Dengue-20170425.pdf,http://apps.who.int//iris/bitstream/handle/10665/274099/Dengue-20170425.pdf?sequence=18&isAllowed=y
Dengue-20170411.pdf,http://apps.who.int//iris/bitstream/handle/10665/274099/Dengue-20170411.pdf?sequence=19&isAllowed=y
Dengue-20170328.pdf,http://apps.who.int//iris/bitstream/handle/10665/274099/Dengue-20170328.pdf?sequence=20&isAllowed=y
Dengue-20170314.pdf,http://apps.who.int//iris/bitstream/handle/10665/274099/Dengue-20170314.pdf?sequence=21&isAllowed=y
Dengue-20170228.pdf,http://apps.who.int//iris/bitstream/handle/10665/274099/Dengue-20170228.pdf?sequence=22&isAllowed=y
Dengue-20170214.pdf,http://apps.who.int//iris/bitstream/handle/10665/274099/Dengue-20170214.pdf?sequence=23&isAllowed=y
Dengue-20170131.pdf,http://apps.who.int//iris/bitstream/handle/10665/274099/Dengue-20170131.pdf?sequence=24&isAllowed=y
Dengue-20170117.pdf,http://apps.who.int//iris/bitstream/handle/10665/274099/Dengue-20170117.pdf?sequence=25&isAllowed=y
Dengue-20170104.pdf,http://apps.who.int//iris/bitstream/handle/10665/274099/Dengue-20170104.pdf?sequence=26&isAllowed=y
Dengue-20181220.pdf,http://apps.who.int//iris/bitstream/handle/10665/274100/Dengue-20181220.pdf?sequence=1&isAllowed=y
Dengue-20181206.pdf,http://apps.who.int//iris/bitstream/handle/10665/274100/Dengue-20181206.pdf?sequence=2&isAllowed=y
Dengue-20181122.pdf,http://apps.who.int//iris/bitstream/handle/10665/274100/Dengue-20181122.pdf?sequence=3&isAllowed=y
Dengue-20181108.pdf,http://apps.who.int//iris/bitstream/handle/10665/274100/Dengue-20181108.pdf?sequence=4&isAllowed=y
Dengue-20181025.pdf,http://apps.who.int//iris/bitstream/handle/10665/274100/Dengue-20181025.pdf?sequence=5&isAllowed=y
Dengue-20181011.pdf,http://apps.who.int//iris/bitstream/handle/10665/274100/Dengue-20181011.pdf?sequence=6&isAllowed=y
Dengue-20180927.pdf,http://apps.who.int//iris/bitstream/handle/10665/274100/Dengue-20180927.pdf?sequence=7&isAllowed=y
Dengue-20180913.pdf,http://apps.who.int//iris/bitstream/handle/10665/274100/Dengue-20180913.pdf?sequence=8&isAllowed=y
Dengue-20180830.pdf,http://apps.who.int//iris/bitstream/handle/10665/274100/Dengue-20180830.pdf?sequence=9&isAllowed=y
Dengue-20180816.pdf,http://apps.who.int//iris/bitstream/handle/10665/274100/Dengue-20180816.pdf?sequence=10&isAllowed=y
Dengue-20180802.pdf,http://apps.who.int//iris/bitstream/handle/10665/274100/Dengue-20180802.pdf?sequence=11&isAllowed=y
Dengue-20180719.pdf,http://apps.who.int//iris/bitstream/handle/10665/274100/Dengue-20180719.pdf?sequence=12&isAllowed=y
Dengue-20180705.pdf,http://apps.who.int//iris/bitstream/handle/10665/274100/Dengue-20180705.pdf?sequence=13&isAllowed=y
Dengue-20180621.pdf,http://apps.who.int//iris/bitstream/handle/10665/274100/Dengue-20180621.pdf?sequence=14&isAllowed=y
Dengue-20180607.pdf,http://apps.who.int//iris/bitstream/handle/10665/274100/Dengue-20180607.pdf?sequence=15&isAllowed=y
Dengue-20180524.pdf,http://apps.who.int//iris/bitstream/handle/10665/274100/Dengue-20180524.pdf?sequence=16&isAllowed=y
Dengue-20180510.pdf,http://apps.who.int//iris/bitstream/handle/10665/274100/Dengue-20180510.pdf?sequence=17&isAllowed=y
Dengue-20180426.pdf,http://apps.who.int//iris/bitstream/handle/10665/274100/Dengue-20180426.pdf?sequence=18&isAllowed=y
Dengue-20180412.pdf,http://apps.who.int//iris/bitstream/handle/10665/274100/Dengue-20180412.pdf?sequence=19&isAllowed=y
Dengue-20180329.pdf,http://apps.who.int//iris/bitstream/handle/10665/274100/Dengue-20180329.pdf?sequence=20&isAllowed=y
Dengue-20180315.pdf,http://apps.who.int//iris/bitstream/handle/10665/274100/Dengue-20180315.pdf?sequence=21&isAllowed=y
Dengue-20180227.pdf,http://apps.who.int//iris/bitstream/handle/10665/274100/Dengue-20180227.pdf?sequence=22&isAllowed=y
Dengue-20180213.pdf,http://apps.who.int//iris/bitstream/handle/10665/274100/Dengue-20180213.pdf?sequence=23&isAllowed=y
Dengue-20180130.pdf,http://apps.who.int//iris/bitstream/handle/10665/274100/Dengue-20180130.pdf?sequence=24&isAllowed=y
Dengue-20180116.pdf,http://apps.who.int//iris/bitstream/handle/10665/274100/Dengue-20180116.pdf?sequence=25&isAllowed=y
Dengue-20180102.pdf,http://apps.who.int//iris/bitstream/handle/10665/274100/Dengue-20180102.pdf?sequence=26&isAllowed=y
Dengue-20190103.pdf,http://apps.who.int//iris/bitstream/handle/10665/279856/Dengue-20190103.pdf?sequence=1&isAllowed=y
Dengue-20190117.pdf,http://apps.who.int//iris/bitstream/handle/10665/279856/Dengue-20190117.pdf?sequence=2&isAllowed=y
Dengue-20190131.pdf,http://apps.who.int//iris/bitstream/handle/10665/279856/Dengue-20190131.pdf?sequence=3&isAllowed=y
Dengue-20190214.pdf,http://apps.who.int//iris/bitstream/handle/10665/279856/Dengue-20190214.pdf?sequence=4&isAllowed=y
Dengue-20190228.pdf,http://apps.who.int//iris/bitstream/handle/10665/279856/Dengue-20190228.pdf?sequence=5&isAllowed=y
Dengue-20190314.pdf,http://apps.who.int//iris/bitstream/handle/10665/279856/Dengue-20190314.pdf?sequence=6&isAllowed=y
Dengue-20190328.pdf,http://apps.who.int//iris/bitstream/handle/10665/279856/Dengue-20190328.pdf?sequence=7&isAllowed=y
Dengue-20190411.pdf,http://apps.who.int//iris/bitstream/handle/10665/279856/Dengue-20190411.pdf?sequence=8&isAllowed=y
Dengue-20190425.pdf,http://apps.who.int//iris/bitstream/handle/10665/279856/Dengue-20190425.pdf?sequence=9&isAllowed=y
Dengue-20190509.pdf,http://apps.who.int//iris/bitstream/handle/10665/279856/Dengue-20190509.pdf?sequence=10&isAllowed=y
Dengue-20190522.pdf,http://apps.who.int//iris/bitstream/handle/10665/279856/Dengue-20190522.pdf?sequence=11&isAllowed=y
Dengue-20190606.pdf,http://apps.who.int//iris/bitstream/handle/10665/279856/Dengue-20190606.pdf?sequence=12&isAllowed=y
Dengue-20190620.pdf,http://apps.who.int//iris/bitstream/handle/10665/279856/Dengue-20190620.pdf?sequence=13&isAllowed=y
Dengue-20190704.pdf,http://apps.who.int//iris/bitstream/handle/10665/279856/Dengue-20190704.pdf?sequence=14&isAllowed=y
Dengue-20190718.pdf,http://apps.who.int//iris/bitstream/handle/10665/279856/Dengue-20190718.pdf?sequence=15&isAllowed=y
Dengue-20190801.pdf,http://apps.who.int//iris/bitstream/handle/10665/279856/Dengue-20190801.pdf?sequence=16&isAllowed=y
Dengue-20190829.pdf,http://apps.who.int//iris/bitstream/handle/10665/279856/Dengue-20190829.pdf?sequence=17&isAllowed=y
Dengue-20190912.pdf,http://apps.who.int//iris/bitstream/handle/10665/279856/Dengue-20190912.pdf?sequence=18&isAllowed=y
Dengue-20190926.pdf,http://apps.who.int//iris/bitstream/handle/10665/279856/Dengue-20190926.pdf?sequence=19&isAllowed=y
Dengue-20191010.pdf,http://apps.who.int//iris/bitstream/handle/10665/279856/Dengue-20191010.pdf?sequence=20&isAllowed=y
Dengue-20191023.pdf,http://apps.who.int//iris/bitstream/handle/10665/279856/Dengue-20191023.pdf?sequence=21&isAllowed=y
Dengue-20191107.pdf,http://apps.who.int//iris/bitstream/handle/10665/279856/Dengue-20191107.pdf?sequence=22&isAllowed=y
Dengue-20191121.pdf,http://apps.who.int//iris/bitstream/handle/10665/279856/Dengue-20191121.pdf?sequence=23&isAllowed=y
Dengue-20191205.pdf,http://apps.who.int//iris/bitstream/handle/10665/279856/Dengue-20191205.pdf?sequence=24&isAllowed=y
Dengue-20191219.pdf,http://apps.who.int//iris/bitstream/handle/10665/279856/Dengue-20191219.pdf?sequence=25&isAllowed=y
Dengue-20200102.pdf,http://apps.who.int//iris/bitstream/handle/10665/330698/Dengue-20200102.pdf?sequence=1&isAllowed=y
Dengue-20200116.pdf,http://apps.who.int//iris/bitstream/handle/10665/330698/Dengue-20200116.pdf?sequence=2&isAllowed=y
Dengue-20200130.pdf,http://apps.who.int//iris/bitstream/handle/10665/330698/Dengue-20200130.pdf?sequence=3&isAllowed=y
Dengue-20200213.pdf,http://apps.who.int//iris/bitstream/handle/10665/330698/Dengue-20200213.pdf?sequence=4&isAllowed=y
Dengue-20200227.pdf,http://apps.who.int//iris/bitstream/handle/10665/330698/Dengue-20200227.pdf?sequence=5&isAllowed=y
Dengue-20200312.pdf,http://apps.who.int//iris/bitstream/handle/10665/330698/Dengue-20200312.pdf?sequence=6&isAllowed=y
Dengue-20200326.pdf,http://apps.who.int//iris/bitstream/handle/10665/330698/Dengue-20200326.pdf?sequence=7&isAllowed=y
Dengue-20200409.pdf,http://apps.who.int//iris/bitstream/handle/10665/330698/Dengue-20200409.pdf?sequence=8&isAllowed=y
Dengue-20200423.pdf,http://apps.who.int//iris/bitstream/handle/10665/330698/Dengue-20200423.pdf?sequence=9&isAllowed=y
Dengue-20200507.pdf,http://apps.who.int//iris/bitstream/handle/10665/330698/Dengue-20200507.pdf?sequence=10&isAllowed=y
Dengue-20200521.pdf,http://apps.who.int//iris/bitstream/handle/10665/330698/Dengue-20200521.pdf?sequence=11&isAllowed=y
Dengue-20200604.pdf,http://apps.who.int//iris/bitstream/handle/10665/330698/Dengue-20200604.pdf?sequence=12&isAllowed=y
Dengue-20200618.pdf,http://apps.who.int//iris/bitstream/handle/10665/330698/Dengue-20200618.pdf?sequence=13&isAllowed=y
Dengue-20200702.pdf,http://apps.who.int//iris/bitstream/handle/10665/330698/Dengue-20200702.pdf?sequence=14&isAllowed=y
Dengue-20200716.pdf,http://apps.who.int//iris/bitstream/handle/10665/330698/Dengue-20200716.pdf?sequence=15&isAllowed=y
Dengue-20200730.pdf,http://apps.who.int//iris/bitstream/handle/10665/330698/Dengue-20200730.pdf?sequence=16&isAllowed=y
Dengue-20200813.pdf,http://apps.who.int//iris/bitstream/handle/10665/330698/Dengue-20200813.pdf?sequence=17&isAllowed=y
Dengue-20200827.pdf,http://apps.who.int//iris/bitstream/handle/10665/330698/Dengue-20200827.pdf?sequence=18&isAllowed=y
Dengue-20200910.pdf,http://apps.who.int//iris/bitstream/handle/10665/330698/Dengue-20200910.pdf?sequence=19&isAllowed=y
Dengue-20200924.pdf,http://apps.who.int//iris/bitstream/handle/10665/330698/Dengue-20200924.pdf?sequence=20&isAllowed=y
Dengue-20201008.pdf,http://apps.who.int//iris/bitstream/handle/10665/330698/Dengue-20201008.pdf?sequence=21&isAllowed=y
Dengue-20201022.pdf,http://apps.who.int//iris/bitstream/handle/10665/330698/Dengue-20201022.pdf?sequence=22&isAllowed=y
Dengue-20201105.pdf,http://apps.who.int//iris/bitstream/handle/10665/330698/Dengue-20201105.pdf?sequence=68&isAllowed=y
Dengue-20201119.pdf,http://apps.who.int//iris/bitstream/handle/10665/330698/Dengue-20201119.pdf?sequence=105&isAllowed=y
Dengue-20201203.pdf,http://apps.who.int//iris/bitstream/handle/10665/330698/Dengue-20201203.pdf?sequence=142&isAllowed=y
Dengue-20201217.pdf,http://apps.who.int//iris/bitstream/handle/10665/330698/Dengue-20201217.pdf?sequence=174&isAllowed=y
Dengue-20210114.pdf,http://apps.who.int//iris/bitstream/handle/10665/341149/Dengue-20210114.pdf?sequence=1&isAllowed=y
Dengue-20210128.pdf,http://apps.who.int//iris/bitstream/handle/10665/341149/Dengue-20210128.pdf?sequence=2&isAllowed=y
Dengue-20210211.pdf,http://apps.who.int//iris/bitstream/handle/10665/341149/Dengue-20210211.pdf?sequence=3&isAllowed=y
Dengue-20210225.pdf,http://apps.who.int//iris/bitstream/handle/10665/341149/Dengue-20210225.pdf?sequence=4&isAllowed=y
Dengue-20210311.pdf,http://apps.who.int//iris/bitstream/handle/10665/341149/Dengue-20210311.pdf?sequence=5&isAllowed=y
Dengue-20210325.pdf,http://apps.who.int//iris/bitstream/handle/10665/341149/Dengue-20210325.pdf?sequence=6&isAllowed=y
Dengue-20210408.pdf,http://apps.who.int//iris/bitstream/handle/10665/341149/Dengue-20210408.pdf?sequence=7&isAllowed=y
Dengue-20210422.pdf,http://apps.who.int//iris/bitstream/handle/10665/341149/Dengue-20210422.pdf?sequence=8&isAllowed=y
Dengue-20210506.pdf,http://apps.who.int//iris/bitstream/handle/10665/341149/Dengue-20210506.pdf?sequence=26&isAllowed=y
Dengue-20210520.pdf,http://apps.who.int//iris/bitstream/handle/10665/341149/Dengue-20210520.pdf?sequence=45&isAllowed=y
Dengue-20210603.pdf,http://apps.who.int//iris/bitstream/handle/10665/341149/Dengue-20210603.pdf?sequence=66&isAllowed=y
Dengue-20210617.pdf,http://apps.who.int//iris/bitstream/handle/10665/341149/Dengue-20210617.pdf?sequence=89&isAllowed=y
Dengue-20210701.pdf,http://apps.who.int//iris/bitstream/handle/10665/341149/Dengue-20210701.pdf?sequence=114&isAllowed=y
Dengue-20210715.pdf,http://apps.who.int//iris/bitstream/handle/10665/341149/Dengue-20210715.pdf?sequence=141&isAllowed=y
Dengue-20210729.pdf,http://apps.who.int//iris/bitstream/handle/10665/341149/Dengue-20210729.pdf?sequence=170&isAllowed=y
Dengue-20210812.pdf,http://apps.who.int//iris/bitstream/handle/10665/341149/Dengue-20210812.pdf?sequence=201&isAllowed=y
Dengue-20210826.pdf,http://apps.who.int//iris/bitstream/handle/10665/341149/Dengue-20210826.pdf?sequence=234&isAllowed=y
Dengue-20210909.pdf,http://apps.who.int//iris/bitstream/handle/10665/341149/Dengue-20210909.pdf?sequence=269&isAllowed=y
Dengue-20210923.pdf,http://apps.who.int//iris/bitstream/handle/10665/341149/Dengue-20210923.pdf?sequence=306&isAllowed=y
Dengue-20211007.pdf,http://apps.who.int//iris/bitstream/handle/10665/341149/Dengue-20211007.pdf?sequence=345&isAllowed=y
Dengue-20211021.pdf,http://apps.who.int//iris/bitstream/handle/10665/341149/Dengue-20211021.pdf?sequence=386&isAllowed=y
Dengue-20211104.pdf,http://apps.who.int//iris/bitstream/handle/10665/341149/Dengue-20211104.pdf?sequence=429&isAllowed=y
Dengue-20211118.pdf,http://apps.who.int//iris/bitstream/handle/10665/341149/Dengue-20211118.pdf?sequence=474&isAllowed=y
Dengue-20211202.pdf,http://apps.who.int//iris/bitstream/handle/10665/341149/Dengue-20211202.pdf?sequence=521&isAllowed=y
Dengue-20211216.pdf,http://apps.who.int//iris/bitstream/handle/10665/341149/Dengue-20211216.pdf?sequence=554&isAllowed=y
Dengue-20211229.pdf,http://apps.who.int//iris/bitstream/handle/10665/341149/Dengue-20211229.pdf?sequence=606&isAllowed=y
Dengue-20220113.pdf,http://apps.who.int//iris/bitstream/handle/10665/352792/Dengue-20220113.pdf?sequence=1&isAllowed=y
Dengue-20220127.pdf,http://apps.who.int//iris/bitstream/handle/10665/352792/Dengue-20220127.pdf?sequence=2&isAllowed=y
Dengue-20220210.pdf,http://apps.who.int//iris/bitstream/handle/10665/352792/Dengue-20220210.pdf?sequence=3&isAllowed=y
Dengue-20220224.pdf,http://apps.who.int//iris/bitstream/handle/10665/352792/Dengue-20220224.pdf?sequence=4&isAllowed=y
Dengue-20220310.pdf,http://apps.who.int//iris/bitstream/handle/10665/352792/Dengue-20220310.pdf?sequence=5&isAllowed=y
Dengue-20220324.pdf,http://apps.who.int//iris/bitstream/handle/10665/352792/Dengue-20220324.pdf?sequence=6&isAllowed=y
